review,rating
The product is excellent and exceeded my expectations,5
Absolutely amazing quality and fast delivery,5
Very satisfied with the purchase,5
Great value for money highly recommended,5
Works perfectly and looks premium,5
Good product but delivery was a bit late,4
Quality is good overall satisfied,4
Nice product meets expectations,4
Pretty decent performance for the price,4
Good but could be improved slightly,4
Average product nothing special,3
Okay experience not too good not too bad,3
Decent quality but expected more,3
Product is acceptable for the price,3
Neither impressed nor disappointed,3
Not satisfied with the quality,2
Poor build quality and slow performance,2
Disappointing experience overall,2
Product does not work as expected,2
Waste of money not recommended,2
Very bad experience completely useless,1
Worst product I have ever bought,1
Extremely disappointing and poor quality,1
Stopped working after one day,1
Terrible product do not buy this,1
Excellent performance and very reliable,5
Superb quality worth every penny,5
Really happy with this product,5
Good design and smooth performance,4
Average quality but usable,3
Low quality material feels cheap,2
Horrible experience will never buy again,1
